,corrMA,correlation,datetime,percentnew,rmsd,significance
0,0.0,0.8458583433373349,20160111225353,12.0,8.012490249604053,1.0646590501488438e-14
0,0.3329811924769908,0.9989435774309724,20160111225610,20.0,0.6633249580710799,7.09276016781572e-66
0,0.6660904361744698,0.999327731092437,20160111225827,17.5,0.5291502622129182,1.3854357704546466e-70
0,0.9786394557823129,0.9376470588235294,20160111230044,16.0,5.198038845866511,3.923275744333874e-24
0,0.9787995198079232,0.9994237695078031,20160111230302,20.0,0.4898979485566356,3.4302363540154385e-72
0,0.9788315326130452,0.9994237695078031,20160111230519,15.5,0.4898979485566356,3.4302363540154385e-72
0,0.9786092096263873,0.9369800898635556,20160111230737,16.5,5.31688167718925,1.7477240390619546e-24
0,0.9780471386441483,0.997737556561086,20160111230955,14.499999999999998,0.9901475429766743,4.03568677365222e-59
0,0.9782090495623618,0.9999095022624435,20160111231215,16.0,0.19802950859533486,2.328315147942942e-93
0,0.9989595838335333,0.9992316926770708,20160111231435,18.0,0.565685424949238,3.411398887083388e-69
0,0.9996817188413827,0.9999039615846339,20160111231653,16.0,0.2,7.277743227527016e-91
